initial_edge_distance,depth_horizon,phase_valid_count,alpha_em_median,alpha_em_mad
1,8,3,2.0,0.625
3,9,3,-5.88,0.28000000000000025
5,11,3,-8.26530612244898,0.18367346938775597
