{
  "convention_id": "v3_octavian240_perm_0-1-2-3-4-7-5-6_sign_all_plus",
  "global_seed": 1337,
  "kernel_module": "cog_v3/python/kernel_octavian240_multiplicative_v1.py",
  "kernel_module_sha256": "4d49033d24dcd1b3ec3cc4367175dc027bfecb8e5afa8710f0dd9856c01155a6",
  "kernel_profile": "cog_v3_octavian240_multiplicative_v1",
  "panels": [
    {
      "config": {
        "boundary_mode": "fixed_vacuum",
        "channel_policy_id": "uniform_all",
        "event_order_policy": "synchronous_parallel_v1",
        "panel_id": "P0_quick_fixed_sync_axial6",
        "runs_per_trial": 1,
        "size_x": 11,
        "size_y": 7,
        "size_z": 7,
        "stencil_id": "axial6",
        "ticks": 24,
        "warmup_ticks": 6
      },
      "metrics": {
        "A1": 0.0,
        "A2": -0.028992176714219973,
        "C3": 0.576372349278315,
        "L3": 2.3013273459684345,
        "L3_null_baseline": 1.9740245800497311,
        "R3": 0.0,
        "T_counts": [
          [
            0,
            3062,
            3036
          ],
          [
            2826,
            0,
            1506
          ],
          [
            2904,
            1429,
            0
          ]
        ],
        "T_probs": [
          [
            0.0,
            0.5021318465070514,
            0.4978681534929485
          ],
          [
            0.6523545706371191,
            0.0,
            0.3476454293628809
          ],
          [
            0.6702054004154165,
            0.3297945995845834,
            0.0
          ]
        ],
        "boundary_mode": "fixed_vacuum",
        "channel_policy_id": "uniform_all",
        "delta_counts": {
          "0": 18504,
          "1": 0,
          "10": 1118,
          "11": 0,
          "2": 1055,
          "3": 0,
          "4": 6354,
          "5": 0,
          "6": 1582,
          "7": 0,
          "8": 6236,
          "9": 0
        },
        "event_order_policy": "synchronous_parallel_v1",
        "gate_results": {
          "gate1_dominance": false,
          "gate2_sector_conservation": true,
          "gate3_mixing_structure": false,
          "gate4_signed_asymmetry": true
        },
        "mag_counts": {
          "0": 18504,
          "1": 0,
          "2": 2173,
          "3": 0,
          "4": 12590,
          "5": 0,
          "6": 1582
        },
        "panel_id": "P0_quick_fixed_sync_axial6",
        "runs_per_trial": 1,
        "size": [
          11,
          7,
          7
        ],
        "stencil_id": "axial6",
        "ticks": 24,
        "total_events": 34849,
        "triality_audit": {
          "expected_exact_for_conservative_pair_kernel": {
            "global": "all ticks dGamma_mod3 == 0",
            "interior": "all ticks dGamma_mod3 == 0"
          },
          "gamma_global_dmod3_counts": {
            "0": 65,
            "1": 13,
            "2": 12
          },
          "gamma_global_nonzero_tick_count": 25,
          "gamma_global_nonzero_tick_rate": 0.2777777777777778,
          "gamma_interior_dmod3_counts": {
            "0": 62,
            "1": 12,
            "2": 16
          },
          "gamma_interior_nonzero_tick_count": 28,
          "gamma_interior_nonzero_tick_rate": 0.3111111111111111,
          "gamma_tick_total": 90,
          "interior_cell_count": 225
        },
        "warmup_ticks": 6
      }
    }
  ],
  "phase_count": 12,
  "replay_hash": "5025156ae7f4076b8180293eb44e090f0aafe6a81e6dca6326079a4c7a09809c",
  "schema_version": "v3_c12_phase_sector_metrics_v1",
  "source_script": "cog_v3/calc/build_v3_c12_phase_sector_metrics_v1.py",
  "source_script_sha256": "53165556adc87618d26eebe9f880f4bf1b6b2bd64aa7e695727bf4bd77e2e414"
}
